A_Address,B_Address,C_Address,
200000,200000,
200008,200008,
200004,200004,
200012,200012,
200000,200000,
200008,200008,
200004,200004,
200012,200012,
A_Address,B_Address,C_Address,
200000,200000,
200008,200008,
200004,200004,
200012,200012,
200000,200000,
200008,200008,
200004,200004,
200012,200012,
A_Address,B_Address,C_Address,
200000,200000,
200008,200008,
200004,200004,
200012,200012,
200000,200000,
200008,200008,
200004,200004,
200012,200012,
A_Address,B_Address,C_Address,
200000,200000,
200008,200008,
200004,200004,
200012,200012,
200000,200000,
200008,200008,
200004,200004,
200012,200012,
A_Address,B_Address,C_Address,
200000,200000,
200008,200008,
200004,200004,
200012,200012,
200000,200000,
200008,200008,
200004,200004,
200012,200012,
A_Address,B_Address,C_Address,
200000,200000,
200008,200008,
200004,200004,
200012,200012,
200000,200000,
200008,200008,
200004,200004,
200012,200012,
A_Address,B_Address,C_Address,
200000,200000,
200008,200008,
200004,200004,
200012,200012,
200000,200000,
200008,200008,
200004,200004,
200012,200012,
A_Address,B_Address,C_Address,
200000,200000,
200008,200008,
200004,200004,
200012,200012,
200000,200000,
200008,200008,
200004,200004,
200012,200012,
A_Address,B_Address,C_Address,
200000,200000,
200008,200008,
200004,200004,
200012,200012,
200000,200000,
200008,200008,
200004,200004,
200012,200012,
A_Address,B_Address,C_Address,
200000,200000,
200008,200008,
200004,200004,
200012,200012,
200000,200000,
200008,200008,
200004,200004,
200012,200012,
A_Address,B_Address,C_Address,
200000,200000,
200008,200008,
200004,200004,
200012,200012,
200000,200000,
200008,200008,
200004,200004,
200012,200012,
A_Address,B_Address,C_Address,
200000,200000,
200008,200008,
200004,200004,
200012,200012,
200000,200000,
200008,200008,
200004,200004,
200012,200012,
